<?xml version="1.0" encoding="UTF-8"?>
<metadata xml:lang="en"><Esri><CreaDate>20131017</CreaDate><CreaTime>12272200</CreaTime><ArcGISFormat>1.0</ArcGISFormat><ArcGISstyle>FGDC CSDGM Metadata</ArcGISstyle><SyncOnce>TRUE</SyncOnce><DataProperties><lineage><Process ToolSource="C:\Program Files (x86)\ArcGIS\Desktop10.0\ArcToolbox\Toolboxes\Data Management Tools.tbx\AddIndex" Date="20131017" Time="122722">AddIndex Q:\Teams\GIS&amp;I\GIS\Processing\OrdnanceSurvey\BoundaryLine_2013_10\ESRI\London\London_Borough_Excluding_MHW.shp NAME # UNIQUE ASCENDING</Process><Process ToolSource="C:\Program Files (x86)\ArcGIS\Desktop10.0\ArcToolbox\Toolboxes\Data Management Tools.tbx\AddIndex" Date="20131017" Time="122723">AddIndex Q:\Teams\GIS&amp;I\GIS\Processing\OrdnanceSurvey\BoundaryLine_2013_10\ESRI\London\London_Borough_Excluding_MHW.shp GSS_CODE # UNIQUE ASCENDING</Process><Process ToolSource="C:\Program Files (x86)\ArcGIS\Desktop10.0\ArcToolbox\Toolboxes\Data Management Tools.tbx\AddSpatialIndex" Date="20131017" Time="122729">AddSpatialIndex Q:\Teams\GIS&amp;I\GIS\Processing\OrdnanceSurvey\BoundaryLine_2013_10\ESRI\London\London_Borough_Excluding_MHW.shp 0 0 0</Process></lineage></DataProperties></Esri></metadata>
